objectid,title,creator,date,description,subject,location,latitude,longitude,source,type,format,language,rights,rightsstatement,display_template,identifier,object_location,image_small,image_thumb,image_alt_text,object_transcript
aktws0001,Reviews and recommendation supporting listing of the Cook Inlet population of Beluga whale,"Post, Roger A.",2000-02-15,"A detailed review and recommendation by the Alaska Chapter of The Wildlife Society supporting the listing of the Cook Inlet population of beluga whales as endangered under the Alaska Endangered Species Act, citing genetic isolation, population decline, and threats from overharvesting and environmental factors.",correspondence; Alaska Department of Fish and Game,,,,Alaska Chapter of the Wildlife Society Collection,Text,application/pdf,eng,"In copyright, educational use permitted. Educational use includes non-commercial reproduction of text and images in materials for teaching and research purposes. For other contexts beyond fair use, including digital reproduction, please contact the Alaska Chapter of The Wildlife Society at twsalaska@gmail.com. The Alaska Chapter of The Wildlife Society is not liable for any violations of the law by users.",http://rightsstatements.org/vocab/InC-NC/1.0/,,ak_tws_2000_correspondence_adfg_beluga,/objects/ak_tws_2000_correspondence_adfg_beluga.pdf,/objects/small/ak_tws_2000_correspondence_adfg_beluga_sm.jpg,/objects/thumbs/ak_tws_2000_correspondence_adfg_beluga_th.jpg,historical correspondence,
aktws0002,(DSEIS) Roadless Area Evaluation,"Larsen, Doug N.",2002-08-22,"A set of comments from the Alaska Chapter of the Wildlife Society regarding the Draft Supplemental Environmental Impact Statement on Roadless Area Evaluation for Wilderness Recommendations in the Tongass Land Management Plan Revision, highlighting concerns about ecological assessments and the need for better conservation measures.",correspondence; U.S. Fish and Wildlife Service,,,,Alaska Chapter of the Wildlife Society Collection,Text,application/pdf,eng,"In copyright, educational use permitted. Educational use includes non-commercial reproduction of text and images in materials for teaching and research purposes. For other contexts beyond fair use, including digital reproduction, please contact the Alaska Chapter of The Wildlife Society at twsalaska@gmail.com. The Alaska Chapter of The Wildlife Society is not liable for any violations of the law by users.",http://rightsstatements.org/vocab/InC-NC/1.0/,,ak_tws_2002_correspondence_usfs_tongass_roadless,/objects/ak_tws_2002_correspondence_usfs_tongass_roadless.pdf,/objects/small/ak_tws_2002_correspondence_usfs_tongass_roadless_sm.jpg,/objects/thumbs/ak_tws_2002_correspondence_usfs_tongass_roadless_th.jpg,historical correspondence,
aktws0003,Scoping comments: Northeast Integrated Activity Plan/Environmental Impact Statement (IAP/EIS) Nation,"Larsen, Doug N.",2003-10-30,A scoping comment letter from the Alaska Chapter of the Wildlife Society to the Bureau of Land Management regarding the proposed amendments to the Northeast National Petroleum Reserve-Alaska Plan and its potential impacts on wildlife habitats.,correspondence; Bureau of Land Management,,,,Alaska Chapter of the Wildlife Society Collection,Text,application/pdf,eng,"In copyright, educational use permitted. Educational use includes non-commercial reproduction of text and images in materials for teaching and research purposes. For other contexts beyond fair use, including digital reproduction, please contact the Alaska Chapter of The Wildlife Society at twsalaska@gmail.com. The Alaska Chapter of The Wildlife Society is not liable for any violations of the law by users.",http://rightsstatements.org/vocab/InC-NC/1.0/,,ak_tws_2003_correspondence_blm_ne_npra,/objects/ak_tws_2003_correspondence_blm_ne_npra.pdf,/objects/small/ak_tws_2003_correspondence_blm_ne_npra_sm.jpg,/objects/thumbs/ak_tws_2003_correspondence_blm_ne_npra_th.jpg,historical correspondence,
aktws0004,Exempting the Tongass and Chugach National Forests from the Roadless Areas Conservation Rule,"Larsen, Doug N.",2003-08-08,"A letter from the Alaska Chapter of the Wildlife Society to the USFS opposing the exemption of the Tongass and Chugach National Forests from the Roadless Areas Conservation Rule, citing concerns for wildlife habitat and the need for public involvement in decision-making.",correspondence; USDA Forest Service,,,,Alaska Chapter of the Wildlife Society Collection,Text,application/pdf,eng,"In copyright, educational use permitted. Educational use includes non-commercial reproduction of text and images in materials for teaching and research purposes. For other contexts beyond fair use, including digital reproduction, please contact the Alaska Chapter of The Wildlife Society at twsalaska@gmail.com. The Alaska Chapter of The Wildlife Society is not liable for any violations of the law by users.",http://rightsstatements.org/vocab/InC-NC/1.0/,,ak_tws_2003_correspondence_usfs_tongass_roadless,/objects/ak_tws_2003_correspondence_usfs_tongass_roadless.pdf,/objects/small/ak_tws_2003_correspondence_usfs_tongass_roadless_sm.jpg,/objects/thumbs/ak_tws_2003_correspondence_usfs_tongass_roadless_th.jpg,historical correspondence,
aktws0005,Wildlife Needs In Forest Management,"Taylor, Eric J.",2005-03-11,"A letter from the Alaska Chapter of the Wildlife Society to National TWS expressing concerns and recommendations regarding a draft position statement on wildlife needs in forest management, particularly emphasizing the importance of old-growth forest conservation.",correspondence; National TWS,,,,Alaska Chapter of the Wildlife Society Collection,Text,application/pdf,eng,"In copyright, educational use permitted. Educational use includes non-commercial reproduction of text and images in materials for teaching and research purposes. For other contexts beyond fair use, including digital reproduction, please contact the Alaska Chapter of The Wildlife Society at twsalaska@gmail.com. The Alaska Chapter of The Wildlife Society is not liable for any violations of the law by users.",http://rightsstatements.org/vocab/InC-NC/1.0/,,ak_tws_2005_correspondence_tws_forest_management,/objects/ak_tws_2005_correspondence_tws_forest_management.pdf,/objects/small/ak_tws_2005_correspondence_tws_forest_management_sm.jpg,/objects/thumbs/ak_tws_2005_correspondence_tws_forest_management_th.jpg,historical correspondence,
aktws0006,Letter to U.S. Army Corps of Engineers concerning Colville River development,"Taylor, Eric J.",2005-12-24,"A letter from the Alaska Chapter of The Wildlife Society expressing concerns to the U.S. Army Corps of Engineers about the potential environmental impacts of ConocoPhillips Alaska, Inc.'s proposed development in the Colville River Delta.",correspondence; U.S. Army Corps of Engineers,,,,Alaska Chapter of the Wildlife Society Collection,Text,application/pdf,eng,"In copyright, educational use permitted. Educational use includes non-commercial reproduction of text and images in materials for teaching and research purposes. For other contexts beyond fair use, including digital reproduction, please contact the Alaska Chapter of The Wildlife Society at twsalaska@gmail.com. The Alaska Chapter of The Wildlife Society is not liable for any violations of the law by users.",http://rightsstatements.org/vocab/InC-NC/1.0/,,ak_tws_2005_correspondence_usace_colville,/objects/ak_tws_2005_correspondence_usace_colville.pdf,/objects/small/ak_tws_2005_correspondence_usace_colville_sm.jpg,/objects/thumbs/ak_tws_2005_correspondence_usace_colville_th.jpg,historical correspondence,
aktws0007,Alaska Legislature Introduction,"Taylor, Eric J.",2006-01-15,"A letter from Eric J. Taylor, President of the Wildlife Society Alaska Chapter, introducing the organization and its expertise in wildlife conservation management in Alaska to a state senator.",correspondence; Alaska Legislature,,,,Alaska Chapter of the Wildlife Society Collection,Text,application/pdf,eng,"In copyright, educational use permitted. Educational use includes non-commercial reproduction of text and images in materials for teaching and research purposes. For other contexts beyond fair use, including digital reproduction, please contact the Alaska Chapter of The Wildlife Society at twsalaska@gmail.com. The Alaska Chapter of The Wildlife Society is not liable for any violations of the law by users.",http://rightsstatements.org/vocab/InC-NC/1.0/,,ak_tws_2006_correspondence_ak_leg_aktws_intro,/objects/ak_tws_2006_correspondence_ak_leg_aktws_intro.pdf,/objects/small/ak_tws_2006_correspondence_ak_leg_aktws_intro_sm.jpg,/objects/thumbs/ak_tws_2006_correspondence_ak_leg_aktws_intro_th.jpg,historical correspondence,
aktws0008,Opposition to Senate Bill 85 on Off-Road Vehicle Use on Dalton Highway,"Taylor, Eric J.",2006-02-24,"A letter from the Alaska Chapter of the Wildlife Society opposing Senate Bill 85, which seeks to repeal protections against off-road vehicle use near the Dalton Highway, citing concerns for wildlife habitat and management.",correspondence; Alaska Legislature,,,,Alaska Chapter of the Wildlife Society Collection,Text,application/pdf,eng,"In copyright, educational use permitted. Educational use includes non-commercial reproduction of text and images in materials for teaching and research purposes. For other contexts beyond fair use, including digital reproduction, please contact the Alaska Chapter of The Wildlife Society at twsalaska@gmail.com. The Alaska Chapter of The Wildlife Society is not liable for any violations of the law by users.",http://rightsstatements.org/vocab/InC-NC/1.0/,,ak_tws_2006_correspondence_ak_leg_dalton_hwy_ohv,/objects/ak_tws_2006_correspondence_ak_leg_dalton_hwy_ohv.pdf,/objects/small/ak_tws_2006_correspondence_ak_leg_dalton_hwy_ohv_sm.jpg,/objects/thumbs/ak_tws_2006_correspondence_ak_leg_dalton_hwy_ohv_th.jpg,historical correspondence,
aktws0009,Restore Funding for State Wildlife Grants,"Paragi, Thomas F.",2006-06-13,"A letter from the Alaska Chapter of the Wildlife Society urging Senator Lisa Murkowski to restore funding for the State Wildlife Grants Program, which is critical for wildlife conservation in Alaska.",correspondence; U.S. Congress,,,,Alaska Chapter of the Wildlife Society Collection,Text,application/pdf,eng,"In copyright, educational use permitted. Educational use includes non-commercial reproduction of text and images in materials for teaching and research purposes. For other contexts beyond fair use, including digital reproduction, please contact the Alaska Chapter of The Wildlife Society at twsalaska@gmail.com. The Alaska Chapter of The Wildlife Society is not liable for any violations of the law by users.",http://rightsstatements.org/vocab/InC-NC/1.0/,,ak_tws_2006_correspondence_murkowski_swg,/objects/ak_tws_2006_correspondence_murkowski_swg.pdf,/objects/small/ak_tws_2006_correspondence_murkowski_swg_sm.jpg,/objects/thumbs/ak_tws_2006_correspondence_murkowski_swg_th.jpg,historical correspondence,
aktws0010,Scoping comments on Master Plan for the Tanana Lakes Recreation Area,"Paragi, Thomas F.",2007-01-10,"A scoping comment letter from the Alaska Chapter of the Wildlife Society addressing the Master Plan for the Tanana Lakes Recreation Area, emphasizing wildlife conservation and management recommendations.",correspondence; Fairbanks North Star Borough,,,,Alaska Chapter of the Wildlife Society Collection,Text,application/pdf,eng,"In copyright, educational use permitted. Educational use includes non-commercial reproduction of text and images in materials for teaching and research purposes. For other contexts beyond fair use, including digital reproduction, please contact the Alaska Chapter of The Wildlife Society at twsalaska@gmail.com. The Alaska Chapter of The Wildlife Society is not liable for any violations of the law by users.",http://rightsstatements.org/vocab/InC-NC/1.0/,,ak_tws_2007_correspondence_fnsb_tanana_lakes,/objects/ak_tws_2007_correspondence_fnsb_tanana_lakes.pdf,/objects/small/ak_tws_2007_correspondence_fnsb_tanana_lakes_sm.jpg,/objects/thumbs/ak_tws_2007_correspondence_fnsb_tanana_lakes_th.jpg,historical correspondence,
aktws0011,Action request regarding TWS member contact information and privacy,"Golden, Howard; Bowyer, Terry",2009-09-01,A letter from the Alaska Chapter and Northwest Section of The Wildlife Society addressing concerns about the privacy of member contact information and requesting policy changes regarding its distribution.,correspondence; National TWS,,,,Alaska Chapter of the Wildlife Society Collection,Text,application/pdf,eng,"In copyright, educational use permitted. Educational use includes non-commercial reproduction of text and images in materials for teaching and research purposes. For other contexts beyond fair use, including digital reproduction, please contact the Alaska Chapter of The Wildlife Society at twsalaska@gmail.com. The Alaska Chapter of The Wildlife Society is not liable for any violations of the law by users.",http://rightsstatements.org/vocab/InC-NC/1.0/,,ak_tws_2009_correspondence_tws_member_info,/objects/ak_tws_2009_correspondence_tws_member_info.pdf,/objects/small/ak_tws_2009_correspondence_tws_member_info_sm.jpg,/objects/thumbs/ak_tws_2009_correspondence_tws_member_info_th.jpg,historical correspondence,
aktws0012,Re: House Bill 267 (snowmachine access in Dalton Highway corridor),"Hundertmark, Kris",2010-03-30,A letter from the Alaska Chapter of the Wildlife Society expressing concerns about the potential negative impacts of House Bill 267 on wildlife due to increased snowmachine access along the Dalton Highway corridor.,correspondence; Alaska Legislature,,,,Alaska Chapter of the Wildlife Society Collection,Text,application/pdf,eng,"In copyright, educational use permitted. Educational use includes non-commercial reproduction of text and images in materials for teaching and research purposes. For other contexts beyond fair use, including digital reproduction, please contact the Alaska Chapter of The Wildlife Society at twsalaska@gmail.com. The Alaska Chapter of The Wildlife Society is not liable for any violations of the law by users.",http://rightsstatements.org/vocab/InC-NC/1.0/,,ak_tws_2010_correspondence_ak_leg_dalton_hwy_snowmachine,/objects/ak_tws_2010_correspondence_ak_leg_dalton_hwy_snowmachine.pdf,/objects/small/ak_tws_2010_correspondence_ak_leg_dalton_hwy_snowmachine_sm.jpg,/objects/thumbs/ak_tws_2010_correspondence_ak_leg_dalton_hwy_snowmachine_th.jpg,historical correspondence,
aktws0013,"AK Legislature, UAF Life Sciences Building","Hundertmark, Kris",2010-03-22,A letter from the Alaska Chapter of the Wildlife Society urging Senator Lyman Hoffman to fully fund the proposed Life Sciences Building at the University of Alaska Fairbanks to enhance wildlife biology education.,correspondence; Alaska Legislature,,,,Alaska Chapter of the Wildlife Society Collection,Text,application/pdf,eng,"In copyright, educational use permitted. Educational use includes non-commercial reproduction of text and images in materials for teaching and research purposes. For other contexts beyond fair use, including digital reproduction, please contact the Alaska Chapter of The Wildlife Society at twsalaska@gmail.com. The Alaska Chapter of The Wildlife Society is not liable for any violations of the law by users.",http://rightsstatements.org/vocab/InC-NC/1.0/,,ak_tws_2010_correspondence_ak_leg_uaf,/objects/ak_tws_2010_correspondence_ak_leg_uaf.pdf,/objects/small/ak_tws_2010_correspondence_ak_leg_uaf_sm.jpg,/objects/thumbs/ak_tws_2010_correspondence_ak_leg_uaf_th.jpg,historical correspondence,
aktws0014,Comments to USFWS on ANWR CCP revisions,"Hundertmark, Kris",2010-04-29,"A letter from Kris Hundertmark, President of the Alaska Chapter of the Wildlife Society, commenting on the revision of the Arctic National Wildlife Refuge's Comprehensive Conservation Plan, emphasizing the importance of wildlife conservation and climate change considerations.",correspondence; U.S. Fish and Wildlife Service,,,,Alaska Chapter of the Wildlife Society Collection,Text,application/pdf,eng,"In copyright, educational use permitted. Educational use includes non-commercial reproduction of text and images in materials for teaching and research purposes. For other contexts beyond fair use, including digital reproduction, please contact the Alaska Chapter of The Wildlife Society at twsalaska@gmail.com. The Alaska Chapter of The Wildlife Society is not liable for any violations of the law by users.",http://rightsstatements.org/vocab/InC-NC/1.0/,,ak_tws_2010_correspondence_usfws_arctic_nwr,/objects/ak_tws_2010_correspondence_usfws_arctic_nwr.pdf,/objects/small/ak_tws_2010_correspondence_usfws_arctic_nwr_sm.jpg,/objects/thumbs/ak_tws_2010_correspondence_usfws_arctic_nwr_th.jpg,historical correspondence,
aktws0015,Letter to ADFG on DWC Director qualifications ,"Hundertmark, Kris",2012-01-18,"A letter from the Alaska Chapter of the Wildlife Society to ADFG Commissioner Cora Campbell, outlining the qualifications and qualities they believe are essential for the Director of the Division of Wildlife Conservation in Alaska.",correspondence; Alaska Department of Fish and Game,,,,Alaska Chapter of the Wildlife Society Collection,Text,application/pdf,eng,"In copyright, educational use permitted. Educational use includes non-commercial reproduction of text and images in materials for teaching and research purposes. For other contexts beyond fair use, including digital reproduction, please contact the Alaska Chapter of The Wildlife Society at twsalaska@gmail.com. The Alaska Chapter of The Wildlife Society is not liable for any violations of the law by users.",http://rightsstatements.org/vocab/InC-NC/1.0/,,ak_tws_2012_correspondence_adfg_dwc_director,/objects/ak_tws_2012_correspondence_adfg_dwc_director.pdf,/objects/small/ak_tws_2012_correspondence_adfg_dwc_director_sm.jpg,/objects/thumbs/ak_tws_2012_correspondence_adfg_dwc_director_th.jpg,historical correspondence,
aktws0016,Letter to AK Governor on moose feeding program,"Hundertmark, Kris",2012-03-09,"A letter from the Alaska Chapter of the Wildlife Society, expressing concerns about a state-funded moose diversionary feeding and relocation program due to potential negative impacts on wildlife.",correspondence; Alaska Governor,,,,Alaska Chapter of the Wildlife Society Collection,Text,application/pdf,eng,"In copyright, educational use permitted. Educational use includes non-commercial reproduction of text and images in materials for teaching and research purposes. For other contexts beyond fair use, including digital reproduction, please contact the Alaska Chapter of The Wildlife Society at twsalaska@gmail.com. The Alaska Chapter of The Wildlife Society is not liable for any violations of the law by users.",http://rightsstatements.org/vocab/InC-NC/1.0/,,ak_tws_2012_correspondence_gov_parnell,/objects/ak_tws_2012_correspondence_gov_parnell.pdf,/objects/small/ak_tws_2012_correspondence_gov_parnell_sm.jpg,/objects/thumbs/ak_tws_2012_correspondence_gov_parnell_th.jpg,historical correspondence,
aktws0017,Letter to ADFG on domestic pack animal disease transmission risk,"Hupp, Jerry",2013-05-10,"A position statement from the Alaska Chapter of the Wildlife Society addressing the risks of disease transmission from domestic livestock to Alaska's Dall's sheep and mountain goat populations, along with recommendations for mitigating these risks.",correspondence; Alaska Department of Fish and Game,,,,Alaska Chapter of the Wildlife Society Collection,Text,application/pdf,eng,"In copyright, educational use permitted. Educational use includes non-commercial reproduction of text and images in materials for teaching and research purposes. For other contexts beyond fair use, including digital reproduction, please contact the Alaska Chapter of The Wildlife Society at twsalaska@gmail.com. The Alaska Chapter of The Wildlife Society is not liable for any violations of the law by users.",http://rightsstatements.org/vocab/InC-NC/1.0/,,ak_tws_2013_correspondence_adfg_sheep_disease_risk,/objects/ak_tws_2013_correspondence_adfg_sheep_disease_risk.pdf,/objects/small/ak_tws_2013_correspondence_adfg_sheep_disease_risk_sm.jpg,/objects/thumbs/ak_tws_2013_correspondence_adfg_sheep_disease_risk_th.jpg,historical correspondence,
aktws0018,Letter to BOF on lead tackle ban,"Hupp, Jerry",2013-03-04,A letter from the Alaska Chapter of the Wildlife Society supporting a proposal to ban the use of lead fishing tackle to protect wildlife from lead poisoning.,correspondence; Alaska Board of Fisheries,,,,Alaska Chapter of the Wildlife Society Collection,Text,application/pdf,eng,"In copyright, educational use permitted. Educational use includes non-commercial reproduction of text and images in materials for teaching and research purposes. For other contexts beyond fair use, including digital reproduction, please contact the Alaska Chapter of The Wildlife Society at twsalaska@gmail.com. The Alaska Chapter of The Wildlife Society is not liable for any violations of the law by users.",http://rightsstatements.org/vocab/InC-NC/1.0/,,ak_tws_2013_correspondence_bof_lead,/objects/ak_tws_2013_correspondence_bof_lead.pdf,/objects/small/ak_tws_2013_correspondence_bof_lead_sm.jpg,/objects/thumbs/ak_tws_2013_correspondence_bof_lead_th.jpg,historical correspondence,
aktws0019,Letter to EPA on Bristol Bay Watershed Assessment,"Hupp, Jerry",2013-06-28,"A comment letter from the Alaska Chapter of the Wildlife Society to the EPA regarding the draft Bristol Bay Watershed Assessment, emphasizing the importance of assessing the impacts of mineral development on wildlife and ecosystems in the region.",correspondence; Environmental Protection Agency,,,,Alaska Chapter of the Wildlife Society Collection,Text,application/pdf,eng,"In copyright, educational use permitted. Educational use includes non-commercial reproduction of text and images in materials for teaching and research purposes. For other contexts beyond fair use, including digital reproduction, please contact the Alaska Chapter of The Wildlife Society at twsalaska@gmail.com. The Alaska Chapter of The Wildlife Society is not liable for any violations of the law by users.",http://rightsstatements.org/vocab/InC-NC/1.0/,,ak_tws_2013_correspondence_epa_bristol_bay,/objects/ak_tws_2013_correspondence_epa_bristol_bay.pdf,/objects/small/ak_tws_2013_correspondence_epa_bristol_bay_sm.jpg,/objects/thumbs/ak_tws_2013_correspondence_epa_bristol_bay_th.jpg,historical correspondence,
aktws0020,Letter to Federal Subsistence Board on domestic pack animal disease transmission risk,"Hupp, Jerry",2013-03-28,"A proposal from the Alaska Chapter of the Wildlife Society advocating for a regulation to prohibit the use of domestic sheep or goats as pack animals for subsistence hunting of wild sheep, mountain goats, and muskox due to disease transmission risks.",correspondence; Federal Subsistence Board,,,,Alaska Chapter of the Wildlife Society Collection,Text,application/pdf,eng,"In copyright, educational use permitted. Educational use includes non-commercial reproduction of text and images in materials for teaching and research purposes. For other contexts beyond fair use, including digital reproduction, please contact the Alaska Chapter of The Wildlife Society at twsalaska@gmail.com. The Alaska Chapter of The Wildlife Society is not liable for any violations of the law by users.",http://rightsstatements.org/vocab/InC-NC/1.0/,,ak_tws_2013_correspondence_fsb_sheep_disease_risk,/objects/ak_tws_2013_correspondence_fsb_sheep_disease_risk.pdf,/objects/small/ak_tws_2013_correspondence_fsb_sheep_disease_risk_sm.jpg,/objects/thumbs/ak_tws_2013_correspondence_fsb_sheep_disease_risk_th.jpg,historical correspondence,
aktws0021,Letter in support of wood bison restoration,"Hupp, Jerry",2013-03-01,A letter from the Alaska Chapter of the Wildlife Society expressing support for the proposed establishment of a nonessential experimental population of wood bison in Alaska.,correspondence,,,,Alaska Chapter of the Wildlife Society Collection,Text,application/pdf,eng,"In copyright, educational use permitted. Educational use includes non-commercial reproduction of text and images in materials for teaching and research purposes. For other contexts beyond fair use, including digital reproduction, please contact the Alaska Chapter of The Wildlife Society at twsalaska@gmail.com. The Alaska Chapter of The Wildlife Society is not liable for any violations of the law by users.",http://rightsstatements.org/vocab/InC-NC/1.0/,,ak_tws_2013_correspondence_letter_wood_bison,/objects/ak_tws_2013_correspondence_letter_wood_bison.pdf,/objects/small/ak_tws_2013_correspondence_letter_wood_bison_sm.jpg,/objects/thumbs/ak_tws_2013_correspondence_letter_wood_bison_th.jpg,historical correspondence,
aktws0022,Letter to USFWS on domestic pack animal disease transmission risk,"Hupp, Jerry",2013-05-10,"A letter from the Alaska Chapter of the Wildlife Society advocating for an interagency working group on domestic pack animals to assess the risk for disease introduction to wild sheep and goat populations, develop proactive strategies to reduce that risk, and raise awareness of the issue among the public.",correspondence; U.S. Fish and Wildlife Service,,,,Alaska Chapter of the Wildlife Society Collection,Text,application/pdf,eng,"In copyright, educational use permitted. Educational use includes non-commercial reproduction of text and images in materials for teaching and research purposes. For other contexts beyond fair use, including digital reproduction, please contact the Alaska Chapter of The Wildlife Society at twsalaska@gmail.com. The Alaska Chapter of The Wildlife Society is not liable for any violations of the law by users.",http://rightsstatements.org/vocab/InC-NC/1.0/,,ak_tws_2013_correspondence_usfws_sheep_disease_risk,/objects/ak_tws_2013_correspondence_usfws_sheep_disease_risk.pdf,/objects/small/ak_tws_2013_correspondence_usfws_sheep_disease_risk_sm.jpg,/objects/thumbs/ak_tws_2013_correspondence_usfws_sheep_disease_risk_th.jpg,historical correspondence,
aktws0023,Support for HB 246: Expanding Creamer's Field Migratory Waterfowl Refuge,"Hupp, Jerry",2014-02-13,"A letter from the Alaska Chapter of the Wildlife Society, expressing support for HB 246, which aims to add additional land to Creamer's Field Migratory Waterfowl Refuge without increasing state ownership or financial burden.",correspondence; Alaska Legislature; intensive management,,,,Alaska Chapter of the Wildlife Society Collection,Text,application/pdf,eng,"In copyright, educational use permitted. Educational use includes non-commercial reproduction of text and images in materials for teaching and research purposes. For other contexts beyond fair use, including digital reproduction, please contact the Alaska Chapter of The Wildlife Society at twsalaska@gmail.com. The Alaska Chapter of The Wildlife Society is not liable for any violations of the law by users.",http://rightsstatements.org/vocab/InC-NC/1.0/,,ak_tws_2014_correspondence_ak_leg_creamers_field,/objects/ak_tws_2014_correspondence_ak_leg_creamers_field.pdf,/objects/small/ak_tws_2014_correspondence_ak_leg_creamers_field_sm.jpg,/objects/thumbs/ak_tws_2014_correspondence_ak_leg_creamers_field_th.jpg,historical correspondence,
aktws0024,Letter to AK Legislature on Intensive Management programs,"Hupp, Jerry",2014-01-07,A letter from the Alaska Chapter of the Wildlife Society addressing the Alaska State Legislature regarding the implementation and funding of intensive management programs for ungulate populations in Alaska.,correspondence; Alaska Legislature,,,,Alaska Chapter of the Wildlife Society Collection,Text,application/pdf,eng,"In copyright, educational use permitted. Educational use includes non-commercial reproduction of text and images in materials for teaching and research purposes. For other contexts beyond fair use, including digital reproduction, please contact the Alaska Chapter of The Wildlife Society at twsalaska@gmail.com. The Alaska Chapter of The Wildlife Society is not liable for any violations of the law by users.",http://rightsstatements.org/vocab/InC-NC/1.0/,,ak_tws_2014_correspondence_ak_leg_im,/objects/ak_tws_2014_correspondence_ak_leg_im.pdf,/objects/small/ak_tws_2014_correspondence_ak_leg_im_sm.jpg,/objects/thumbs/ak_tws_2014_correspondence_ak_leg_im_th.jpg,historical correspondence,
aktws0025,Letter to AK Legislature in support of the Kachemak Bay Research Reserve (KBRR),"Hupp, Jerry",2014-03-07,A letter from the Alaska Chapter of the Wildlife Society to the Alaska Legislature requesting funding for the Kachemak Bay Research Reserve to support vital fisheries and estuarine research in Alaska.,correspondence; Alaska Legislature,,,,Alaska Chapter of the Wildlife Society Collection,Text,application/pdf,eng,"In copyright, educational use permitted. Educational use includes non-commercial reproduction of text and images in materials for teaching and research purposes. For other contexts beyond fair use, including digital reproduction, please contact the Alaska Chapter of The Wildlife Society at twsalaska@gmail.com. The Alaska Chapter of The Wildlife Society is not liable for any violations of the law by users.",http://rightsstatements.org/vocab/InC-NC/1.0/,,ak_tws_2014_correspondence_ak_leg_kbrr,/objects/ak_tws_2014_correspondence_ak_leg_kbrr.pdf,/objects/small/ak_tws_2014_correspondence_ak_leg_kbrr_sm.jpg,/objects/thumbs/ak_tws_2014_correspondence_ak_leg_kbrr_th.jpg,historical correspondence,
aktws0026,Letter to the Board of Game on Intensive Management programs,"Hupp, Jerry",2014-01-03,A letter from the Alaska Chapter of the Wildlife Society addressing the Alaska Board of Game regarding intensive management of ungulates and predator reduction in wildlife mangement practices.,correspondence; Alaska Board of Game; intensive management,,,,Alaska Chapter of the Wildlife Society Collection,Text,application/pdf,eng,"In copyright, educational use permitted. Educational use includes non-commercial reproduction of text and images in materials for teaching and research purposes. For other contexts beyond fair use, including digital reproduction, please contact the Alaska Chapter of The Wildlife Society at twsalaska@gmail.com. The Alaska Chapter of The Wildlife Society is not liable for any violations of the law by users.",http://rightsstatements.org/vocab/InC-NC/1.0/,,ak_tws_2014_correspondence_bog_im,/objects/ak_tws_2014_correspondence_bog_im.pdf,/objects/small/ak_tws_2014_correspondence_bog_im_sm.jpg,/objects/thumbs/ak_tws_2014_correspondence_bog_im_th.jpg,historical correspondence,
aktws0027,Letter to AK Governor Walker regarding ADFG appointments,"Hilderbrand, Grant",2014-11-26,"A congratulatory letter from the Alaska Chapter of the Wildlife Society to the newly elected Governor and Lieutenant Governor, emphasizing the importance of science-based wildlife management and offering support for conservation efforts in Alaska.",correspondence; Alaska Governor,,,,Alaska Chapter of the Wildlife Society Collection,Text,application/pdf,eng,"In copyright, educational use permitted. Educational use includes non-commercial reproduction of text and images in materials for teaching and research purposes. For other contexts beyond fair use, including digital reproduction, please contact the Alaska Chapter of The Wildlife Society at twsalaska@gmail.com. The Alaska Chapter of The Wildlife Society is not liable for any violations of the law by users.",http://rightsstatements.org/vocab/InC-NC/1.0/,,ak_tws_2014_correspondence_gov_walker_letter,/objects/ak_tws_2014_correspondence_gov_walker_letter.pdf,/objects/small/ak_tws_2014_correspondence_gov_walker_letter_sm.jpg,/objects/thumbs/ak_tws_2014_correspondence_gov_walker_letter_th.jpg,historical correspondence,
aktws0028,Response from Governor Walker's office regarding ADFG appointments,"Gebel, Emily",2014-12-19,A letter from Governor Walker's office in response to the Alaska Chapter of the Wildlife Society's comments on ADFG appointments. ,correspondence; Alaska Governor,,,,Alaska Chapter of the Wildlife Society Collection,Text,application/pdf,eng,"In copyright, educational use permitted. Educational use includes non-commercial reproduction of text and images in materials for teaching and research purposes. For other contexts beyond fair use, including digital reproduction, please contact the Alaska Chapter of The Wildlife Society at twsalaska@gmail.com. The Alaska Chapter of The Wildlife Society is not liable for any violations of the law by users.",http://rightsstatements.org/vocab/InC-NC/1.0/,,ak_tws_2014_correspondence_gov_walker_response,/objects/ak_tws_2014_correspondence_gov_walker_response.pdf,/objects/small/ak_tws_2014_correspondence_gov_walker_response_sm.jpg,/objects/thumbs/ak_tws_2014_correspondence_gov_walker_response_th.jpg,historical correspondence,
aktws0029,Support for HB 70: An act adding additional land and water to the Creamer's Field Migratory Waterfowl Refuge,"Hilderbrand, Grant",2015-01-23,"A letter from the Alaska Chapter of the Wildlife Society, expressing support for HB 70: An act adding additional land and water to the Creamer's Field Migratory Waterfowl Refuge.",correspondence; Alaska Legislature,,,,Alaska Chapter of the Wildlife Society Collection,Text,application/pdf,eng,"In copyright, educational use permitted. Educational use includes non-commercial reproduction of text and images in materials for teaching and research purposes. For other contexts beyond fair use, including digital reproduction, please contact the Alaska Chapter of The Wildlife Society at twsalaska@gmail.com. The Alaska Chapter of The Wildlife Society is not liable for any violations of the law by users.",http://rightsstatements.org/vocab/InC-NC/1.0/,,ak_tws_2015_correspondence_ak_leg_creamers_field,/objects/ak_tws_2015_correspondence_ak_leg_creamers_field.pdf,/objects/small/ak_tws_2015_correspondence_ak_leg_creamers_field_sm.jpg,/objects/thumbs/ak_tws_2015_correspondence_ak_leg_creamers_field_th.jpg,historical correspondence,
aktws0030,Support for BOG Proposal 105: Expanding the Palmer Hay Flats State Game Refuge,"Hilderbrand, Grant",2015,A letter from the Alaska Chapter of the Wildlife Society to the Alaska Board of Game expressing support for a proposal to expand the Palmer Hay Flats State Game Refuge.,correspondence; Alaska Board of Game,,,,Alaska Chapter of the Wildlife Society Collection,Text,application/pdf,eng,"In copyright, educational use permitted. Educational use includes non-commercial reproduction of text and images in materials for teaching and research purposes. For other contexts beyond fair use, including digital reproduction, please contact the Alaska Chapter of The Wildlife Society at twsalaska@gmail.com. The Alaska Chapter of The Wildlife Society is not liable for any violations of the law by users.",http://rightsstatements.org/vocab/InC-NC/1.0/,,ak_tws_2015_correspondence_bog_palmer_hay_flats,/objects/ak_tws_2015_correspondence_bog_palmer_hay_flats.pdf,/objects/small/ak_tws_2015_correspondence_bog_palmer_hay_flats_sm.jpg,/objects/thumbs/ak_tws_2015_correspondence_bog_palmer_hay_flats_th.jpg,historical correspondence,
aktws0032,Letter to UAF regarding concerns about the Wildlife Program,"Wardlow, Cynthia",2022,A letter from the Alaska Chapter of the Wildlife Society urging the University of Alaska Fairbanks to address faculty shortages and other discrepencies with the UAF Wildlife Program to ensure the future of Alaska's wildlife stewardship.,correspondence; University of Alaska Fairbanks,,,,Alaska Chapter of the Wildlife Society Collection,Text,application/pdf,eng,"In copyright, educational use permitted. Educational use includes non-commercial reproduction of text and images in materials for teaching and research purposes. For other contexts beyond fair use, including digital reproduction, please contact the Alaska Chapter of The Wildlife Society at twsalaska@gmail.com. The Alaska Chapter of The Wildlife Society is not liable for any violations of the law by users.",http://rightsstatements.org/vocab/InC-NC/1.0/,,ak_tws_2022_correspondence_uaf,/objects/ak_tws_2022_correspondence_uaf.pdf,/objects/small/ak_tws_2022_correspondence_uaf_sm.jpg,/objects/thumbs/ak_tws_2022_correspondence_uaf_th.jpg,historical correspondence,
aktws0033,National TWS Concerns Over Proposed Oil and Gas Leasing in Northeast NPR-A ​,"Franklin, Thomas M.",2004-08-19,"A letter from the Wildlife Society expressing concerns and recommendations regarding the Bureau of Land Management's draft amendment to the Northeast Integrated Activity Plan/Environmental Impact Statement for the National Petroleum Reserve-Alaska, particularly focusing on the potential negative impacts of oil development on wildlife, especially geese and caribou.",correspondence; Bureau of Land Management,,,,Alaska Chapter of the Wildlife Society Collection,Text,application/pdf,eng,"In copyright, educational use permitted. Educational use includes non-commercial reproduction of text and images in materials for teaching and research purposes. For other contexts beyond fair use, including digital reproduction, please contact the Alaska Chapter of The Wildlife Society at twsalaska@gmail.com. The Alaska Chapter of The Wildlife Society is not liable for any violations of the law by users.",http://rightsstatements.org/vocab/InC-NC/1.0/,,tws_2004_correspondence_blm_ne_npra,/objects/tws_2004_correspondence_blm_ne_npra.pdf,/objects/small/tws_2004_correspondence_blm_ne_npra_sm.jpg,/objects/thumbs/tws_2004_correspondence_blm_ne_npra_th.jpg,historical correspondence,
aktws0034,National TWS Continued Concerns Over Proposed Oil and Gas Leasing in Northeast NPR-A ​,"Franklin, Thomas M.",2005-02-25,"A letter from the Wildlife Society expressing continued concerns and recommendations regarding the Bureau of Land Management's draft amendment to the Northeast Integrated Activity Plan/Environmental Impact Statement for the National Petroleum Reserve-Alaska, particularly focusing on the potential negative impacts of oil development on wildlife, especially geese and caribou.",correspondence; Bureau of Land Management,,,,Alaska Chapter of the Wildlife Society Collection,Text,application/pdf,eng,"In copyright, educational use permitted. Educational use includes non-commercial reproduction of text and images in materials for teaching and research purposes. For other contexts beyond fair use, including digital reproduction, please contact the Alaska Chapter of The Wildlife Society at twsalaska@gmail.com. The Alaska Chapter of The Wildlife Society is not liable for any violations of the law by users.",http://rightsstatements.org/vocab/InC-NC/1.0/,,tws_2005_correspondence_blm_ne_npra,/objects/tws_2005_correspondence_blm_ne_npra.pdf,/objects/small/tws_2005_correspondence_blm_ne_npra_sm.jpg,/objects/thumbs/tws_2005_correspondence_blm_ne_npra_th.jpg,historical correspondence,
aktws0035,National TWS Support for the Chabot/Andrews Amendment to Halt Federal Subsidies for Road Construction in the Tongass National Forest ,"Franklin, Thomas M.",2005-05-17,"A letter from the Wildlife Society advocating for the Chabot/Andrews Amendment to the FY 2006 Interior Appropriations bill, which seeks to halt federal subsidies for new logging road construction in Alaska's Tongass National Forest to protect roadless areas and conserve wildlife habitats.",correspondence; congress,,,,Alaska Chapter of the Wildlife Society Collection,Text,application/pdf,eng,"In copyright, educational use permitted. Educational use includes non-commercial reproduction of text and images in materials for teaching and research purposes. For other contexts beyond fair use, including digital reproduction, please contact the Alaska Chapter of The Wildlife Society at twsalaska@gmail.com. The Alaska Chapter of The Wildlife Society is not liable for any violations of the law by users.",http://rightsstatements.org/vocab/InC-NC/1.0/,,tws_2005_correspondence_us_congress_tongass_roadless,/objects/tws_2005_correspondence_us_congress_tongass_roadless.pdf,/objects/small/tws_2005_correspondence_us_congress_tongass_roadless_sm.jpg,/objects/thumbs/tws_2005_correspondence_us_congress_tongass_roadless_th.jpg,historical correspondence,
aktws0036,National TWS Concerns Over Cumulative Impacts of Oil and Gas Development in NPR-A,"Hutchins, Michael",2007-11-06,"A letter from the Wildlife Society addressing concerns about the cumulative impacts of oil and gas development on wildlife resources in the Northeast National Petroleum Reserve-Alaska (NPR-A), emphasizing the need for rigourous environmental analysis.",correspondence; Bureau of Land Management,,,,Alaska Chapter of the Wildlife Society Collection,Text,application/pdf,eng,"In copyright, educational use permitted. Educational use includes non-commercial reproduction of text and images in materials for teaching and research purposes. For other contexts beyond fair use, including digital reproduction, please contact the Alaska Chapter of The Wildlife Society at twsalaska@gmail.com. The Alaska Chapter of The Wildlife Society is not liable for any violations of the law by users.",http://rightsstatements.org/vocab/InC-NC/1.0/,,tws_2007_correspondence_ensr_ne_npra,/objects/tws_2007_correspondence_ensr_ne_npra.pdf,/objects/small/tws_2007_correspondence_ensr_ne_npra_sm.jpg,/objects/thumbs/tws_2007_correspondence_ensr_ne_npra_th.jpg,historical correspondence,
aktws0037,Coalition of Natural Resource Societies Letter to AK Governor ,"Jackson, Don; Moseley, Jeff; Goergen, Michael; Leopold, Bruce",2010-03-03,A letter from the Coalition of Natural Resource Societyies to the Alaska Governor emphasizing the importance of natural resource professionals in managing Alaska's natural resources and their economic contributions.,correspondence; Alaska Governor,,,,Alaska Chapter of the Wildlife Society Collection,Text,application/pdf,eng,"In copyright, educational use permitted. Educational use includes non-commercial reproduction of text and images in materials for teaching and research purposes. For other contexts beyond fair use, including digital reproduction, please contact the Alaska Chapter of The Wildlife Society at twsalaska@gmail.com. The Alaska Chapter of The Wildlife Society is not liable for any violations of the law by users.",http://rightsstatements.org/vocab/InC-NC/1.0/,,tws_2010_correspondence_gov_parnell_letter,/objects/tws_2010_correspondence_gov_parnell_letter.pdf,/objects/small/tws_2010_correspondence_gov_parnell_letter_sm.jpg,/objects/thumbs/tws_2010_correspondence_gov_parnell_letter_th.jpg,historical correspondence,
aktws0038,Scoping comments: Land exchange and road corridor through Izembek National Wildlife Refuge,"Leopold, Bruce",2010-04-29,A letter from the Wildlife Society expressing concerns about the environmental impact of a proposed road corridor through the Izembek National Wildlife Refuge in Alaska.,correspondence; U.S. Fish and Wildlife Service,,,,Alaska Chapter of the Wildlife Society Collection,Text,application/pdf,eng,"In copyright, educational use permitted. Educational use includes non-commercial reproduction of text and images in materials for teaching and research purposes. For other contexts beyond fair use, including digital reproduction, please contact the Alaska Chapter of The Wildlife Society at twsalaska@gmail.com. The Alaska Chapter of The Wildlife Society is not liable for any violations of the law by users.",http://rightsstatements.org/vocab/InC-NC/1.0/,,tws_2010_correspondence_usfws_izembek_nwr,/objects/tws_2010_correspondence_usfws_izembek_nwr.pdf,/objects/small/tws_2010_correspondence_usfws_izembek_nwr_sm.jpg,/objects/thumbs/tws_2010_correspondence_usfws_izembek_nwr_th.jpg,historical correspondence,